Make,Model,Logo,janv-12,Feb 2012,mars-12,Apr 2012,May 2012,juin-12,juil-12,Aug 2012,sept-12,oct-12,nov-12,Dec 2012,janv-13,Feb 2013,mars-13,Apr 2013,May 2013,juin-13,juil-13,Aug 2013,sept-13,oct-13,nov-13,Dec 2013,janv-14,Feb 2014,mars-14,Apr 2014,May 2014,juin-14,juil-14,Aug 2014,sept-14,oct-14,nov-14,Dec 2014,janv-15,Feb 2015,mars-15,Apr 2015,May 2015,juin-15,juil-15,Aug 2015,sept-15,oct-15,nov-15,Dec 2015,janv-16,Feb 2016,mars-16,Apr 2016,May 2016,juin-16,juil-16,Aug 2016,sept-16,oct-16,nov-16,Dec 2016,janv-17,Feb 2017,mars-17,Apr 2017,May 2017,juin-17,juil-17,Aug 2017,sept-17,oct-17,nov-17,Dec 2017,janv-18,Feb 2018,mars-18,Apr 2018,May 2018,juin-18,juil-18,Aug 2018,sept-18,oct-18,nov-18,Dec 2018,janv-19,Feb 2019,mars-19,Apr 2019,May 2019,juin-19,juil-19,Aug 2019,sept-19,oct-19,nov-19,Dec 2019
Chevrolet,Volt,https://www.carlogos.org/logo/Chevrolet-logo-2013-2560x1440.png,603.0,1626.0,3915.0,5377.0,7057.0,8817.0,10666.0,13497.0,16348.0,19309.0,20828.0,23461.0,24601.0,26227.0,27705.0,29011.0,30618.0,33316.0,35104.0,38455.0,40221.0,42243.0,44163.0,46555.0,47473.0,48683.0,50161.0,51709.0,53393.0,55170.0,57190.0,59701.0,61095.0,62534.0,63870.0,65360.0,65902.0,66595.0,67234.0,68139.0,69757.0,70982.0,72295.0,73675.0,74624.0,76659.0,78639.0,80753.0,81749.0,82875.0,84740.0,86723.0,88624.0,90561.0,92967.0,95048.0,97079.0,99270.0,101801.0,105492.0,107103.0,108923.0,111055.0,112862.0,114679.0,116424.0,117942.0,119387.0,120840.0,122202.0,123904.0,125841.0,126554.0,127537.0,129319.0,130644.0,132319.0,133655.0,135130.0,136955.0,139084.0,140559.0,143089.0,144147.0,144822.0,145437.0,146667.0,147072.0,"147,48","147,813","148,063","148,337","148,687","148,757","148,907","149,057"
Toyota,Prius PHV,https://www.carlogos.org/logo/Toyota-logo-1989-2560x1440.png,0.0,21.0,912.0,2566.0,3652.0,4347.0,5035.0,6082.0,7734.0,9623.0,11389.0,12750.0,13624.0,14317.0,15103.0,15702.0,16380.0,16964.0,17781.0,19572.0,20724.0,22819.0,23919.0,24838.0,25641.0,26682.0,28134.0,29875.0,32567.0,34138.0,35509.0,36327.0,36680.0,37159.0,37610.0,38102.0,38503.0,38900.0,39373.0,39801.0,40528.0,40992.0,41576.0,41920.0,42136.0,42227.0,42271.0,42293.0,42303.0,42309.0,42316.0,42320.0,42324.0,42335.0,42339.0,42341.0,42345.0,42345.0,42345.0,42345.0,42345.0,42345.0,42345.0,42345.0,42345.0,42345.0,42345.0,42345.0,42345.0,42345.0,42345.0,42345.0,42345.0,42345.0,42345.0,42345.0,42345.0,42345.0,42345.0,42345.0,42345.0,42345.0,42345.0,42345.0,42345.0,42345.0,42345.0,42345.0,42345,42345,42345,42345,42345,42345,42345,42345
Nissan,Leaf,https://www.carlogos.org/logo/Nissan-logo-2013-1440x900.png,676.0,1154.0,1733.0,2103.0,2613.0,3148.0,3543.0,4228.0,5212.0,6791.0,8330.0,9819.0,10469.0,11122.0,13358.0,15295.0,17433.0,19658.0,21522.0,23942.0,25895.0,27897.0,29900.0,32429.0,33681.0,35106.0,37613.0,39701.0,42818.0,45165.0,48184.0,51370.0,54251.0,56840.0,59527.0,62629.0,63699.0,64897.0,66714.0,68267.0,70371.0,72445.0,73619.0,75012.0,76259.0,77497.0,78551.0,79898.0,80653.0,81583.0,82829.0,83616.0,84595.0,85691.0,86754.0,87820.0,89136.0,90548.0,92005.0,93904.0,94676.0,95713.0,97191.0,98254.0,99646.0,101152.0,102435.0,103589.0,104644.0,104857.0,105032.0,105134.0,105284.0,106179.0,107679.0,108850.0,110426.0,111793.0,112942.0,114257.0,115820.0,117054.0,118182.0,119849.0,120566.0,121220.0,122534.0,123485.0,"124,701","125,857","126,795","127,912","128,96","129,847","130,987","132,214"
Tesla,Model S,https://www.carlogos.org/logo/Tesla-logo-2003-2500x2500.png,0.0,,,,,12.0,31.0,74.0,160.0,460.0,860.0,2650.0,3850.0,5250.0,7550.0,9650.0,11350.0,12700.0,14000.0,15300.0,16800.0,17600.0,18800.0,20300.0,21100.0,22189.0,23489.0,24589.0,25589.0,27089.0,27889.0,28489.0,30989.0,32289.0,33489.0,36989.0,38089.0,39239.0,41689.0,43389.0,45789.0,48589.0,50189.0,51489.0,53989.0,55889.0,58591.0,62191.0,63041.0,64591.0,68581.0,69381.0,70581.0,74281.0,76235.0,79087.0,83437.0,84137.0,85237.0,91087.0,91987.0,93737.0,97187.0,98312.0,99932.0,102282.0,103707.0,105857.0,110717.0,111837.0,113172.0,118147.0,118947.0,120072.0,123447.0,124697.0,126217.0,128967.0,130167.0,132792.0,136542.0,137892.0,140642.0,143892.0,144617.0,145242.0,147517.0,148342.0,"149,367","151,117","152,092","153,142","154,242","154,992","156,492","157,992"
Ford,C-Max Energi,https://www.carlogos.org/logo/Ford-logo-2003-1366x768.png,0.0,,,,,,,,,144.0,1403.0,2374.0,2712.0,3046.0,3540.0,3951.0,4401.0,4856.0,5289.0,5910.0,6668.0,7760.0,8701.0,9528.0,9999.0,10551.0,11161.0,11686.0,12468.0,13456.0,14287.0,15337.0,16014.0,16658.0,17302.0,17961.0,18356.0,18854.0,19569.0,20122.0,20837.0,21504.0,22197.0,22920.0,23639.0,24334.0,24973.0,25552.0,25902.0,26392.0,27002.0,27609.0,28147.0,28777.0,29532.0,30239.0,30928.0,31499.0,32220.0,33509.0,33982.0,34621.0,35283.0,36003.0,36953.0,37889.0,38733.0,39438.0,40121.0,40690.0,41213.0,41649.0,41883.0,42025.0,42130.0,42187.0,42205.0,42211.0,42215.0,42219.0,42231.0,42231.0,42231.0,42231.0,42231.0,42231.0,42231.0,42231.0,42231,42231,42231,42231,42231,42231,42231,42231
Ford,Focus Electric,https://www.carlogos.org/logo/Ford-logo-2003-1366x768.png,2.0,2.0,2.0,2.0,8.0,97.0,135.0,169.0,228.0,346.0,518.0,680.0,761.0,919.0,1099.0,1246.0,1403.0,1580.0,1730.0,1905.0,2015.0,2130.0,2260.0,2418.0,2518.0,2647.0,2824.0,2940.0,3117.0,3314.0,3512.0,3776.0,3952.0,4138.0,4329.0,4382.0,4467.0,4612.0,4752.0,4876.0,5041.0,5193.0,5328.0,5504.0,5649.0,5775.0,5868.0,5964.0,6030.0,6111.0,6221.0,6302.0,6356.0,6410.0,6468.0,6543.0,6625.0,6698.0,6764.0,6865.0,6921.0,7149.0,7556.0,7681.0,7813.0,7923.0,8071.0,8202.0,8333.0,8448.0,8569.0,8682.0,8752.0,8825.0,8962.0,9045.0,9133.0,9183.0,9229.0,9236.0,9240.0,9240.0,9241.0,9242.0,9242.0,9242.0,9242.0,9242.0,9242,9242,9242,9242,9242,9242,9242,9242
Mitsubishi,i-MiEV,https://www.carlogos.org/logo/Mitsubishi-logo-2000x2500.png,36.0,80.0,136.0,215.0,300.0,333.0,366.0,403.0,439.0,469.0,511.0,588.0,845.0,1182.0,1213.0,1340.0,1431.0,1470.0,1516.0,1546.0,1566.0,1594.0,1606.0,1617.0,1618.0,1621.0,1645.0,1657.0,1692.0,1714.0,1731.0,1751.0,1766.0,1783.0,1801.0,1813.0,1816.0,1818.0,1828.0,1844.0,1862.0,1885.0,1897.0,1903.0,1906.0,1915.0,1919.0,1928.0,1930.0,1935.0,1936.0,1942.0,1944.0,1948.0,1968.0,1993.0,2010.0,2014.0,2019.0,2022.0,2023.0,2026.0,2028.0,2028.0,2028.0,2028.0,2028.0,2028.0,2028.0,2028.0,2028.0,2028.0,2028.0,2028.0,2028.0,2028.0,2028.0,2028.0,2028.0,2028.0,2028.0,2028.0,2028.0,2028.0,2028.0,2028.0,2028.0,2028.0,2028,2028,2028,2028,2028,2028,2028,2028
Toyota,Rav4 EV,https://www.carlogos.org/logo/Toyota-logo-1989-2560x1440.png,0.0,,,,,,,,61.0,108.0,140.0,192.0,217.0,269.0,402.0,472.0,556.0,600.0,709.0,940.0,1107.0,1198.0,1260.0,1288.0,1351.0,1452.0,1525.0,1594.0,1743.0,1834.0,1902.0,2130.0,2255.0,2352.0,2435.0,2472.0,2472.0,2472.0,2472.0,2472.0,2472.0,2472.0,2472.0,2472.0,2472.0,2472.0,2472.0,2472.0,2472.0,2472.0,2472.0,2472.0,2472.0,2472.0,2472.0,2472.0,2472.0,2472.0,2472.0,2472.0,2472.0,2472.0,2472.0,2472.0,2472.0,2472.0,2472.0,2472.0,2472.0,2472.0,2472.0,2472.0,2472.0,2472.0,2472.0,2472.0,2472.0,2472.0,2472.0,2472.0,2472.0,2472.0,2472.0,2472.0,2472.0,2472.0,2472.0,2472.0,2472,2472,2472,2472,2472,2472,2472,2472
Honda,Fit EV,https://www.carlogos.org/logo/Honda-logo-1920x1080.png,0.0,,,,,,7.0,16.0,32.0,48.0,74.0,93.0,101.0,116.0,139.0,161.0,176.0,384.0,447.0,513.0,548.0,588.0,611.0,662.0,692.0,725.0,762.0,812.0,845.0,883.0,925.0,980.0,1009.0,1032.0,1037.0,1069.0,1069.0,1069.0,1069.0,1069.0,1069.0,1069.0,1069.0,1069.0,1069.0,1069.0,1069.0,1069.0,1069.0,1069.0,1069.0,1069.0,1069.0,1069.0,1069.0,1069.0,1069.0,1069.0,1069.0,1069.0,1069.0,1069.0,1069.0,1069.0,1069.0,1069.0,1069.0,1069.0,1069.0,1069.0,1069.0,1069.0,1069.0,1069.0,1069.0,1069.0,1069.0,1069.0,1069.0,1069.0,1069.0,1069.0,1069.0,1069.0,1069.0,1069.0,1069.0,1069.0,1069,1069,1069,1069,1069,1069,1069,1069
Ford,Fusion Energi,https://www.carlogos.org/logo/Ford-logo-2003-1366x768.png,0.0,,,,,,,,,,,,,119.0,414.0,778.0,1194.0,1584.0,1991.0,2591.0,3341.0,4428.0,5298.0,6089.0,6622.0,7401.0,8300.0,9043.0,10385.0,12324.0,13550.0,14772.0,15412.0,16098.0,16850.0,17639.0,18065.0,18668.0,19505.0,20216.0,21202.0,21929.0,22781.0,23730.0,24538.0,25387.0,26331.0,27389.0,27970.0,28902.0,30140.0,31471.0,32924.0,34624.0,35965.0,37387.0,39039.0,40411.0,42228.0,43327.0,43933.0,44770.0,45772.0,46677.0,47677.0,48384.0,49087.0,49849.0,50612.0,51353.0,52084.0,52959.0,53599.0,54393.0,55175.0,55917.0,56657.0,57261.0,57783.0,58179.0,58659.0,59112.0,60243.0,61033.0,61590.0,62163.0,62774.0,63359.0,"63,964","64,639","65,359","65,979","66,679","67,279‬","67,879","68,557"
Fiat,500e,https://www.carlogos.org/logo/Fiat-logo-2006-1920x1080.png,0.0,,,,,,,,,,,,,,,,,,200.0,560.0,1010.0,1410.0,1840.0,2310.0,2620.0,2956.0,3600.0,4042.0,4518.0,5154.0,5682.0,6217.0,6735.0,6952.0,7163.0,7442.0,7701.0,8016.0,9326.0,10043.0,10463.0,10826.0,11311.0,11921.0,12556.0,12981.0,13371.0,13636.0,13941.0,14151.0,14606.0,15001.0,15426.0,15706.0,15931.0,16291.0,16981.0,17726.0,18316.0,18966.0,19718.0,20308.0,21093.0,21634.0,22107.0,22466.0,22861.0,23151.0,23436.0,23746.0,23961.0,24346.0,24556.0,24791.0,25076.0,25291.0,25541.0,25766.0,25986.0,26061.0,26155.0,26255.0,26403.0,26596.0,26668.0,26755.0,26788.0,26808.0,"26,868","26,893","26,933","26,978","27,018","27,068‬","27,118","27,211"
Smart,ED,https://www.carlogos.org/logo/Smart-logo-1994-1366x768.png,0.0,,,,,,,,,,,,2.0,2.0,2.0,2.0,62.0,115.0,173.0,355.0,492.0,603.0,756.0,923.0,1020.0,1142.0,1328.0,1531.0,1737.0,2015.0,2313.0,2521.0,2703.0,2853.0,3166.0,3517.0,3664.0,3740.0,3843.0,3967.0,4069.0,4163.0,4272.0,4378.0,4472.0,4547.0,4725.0,4904.0,4952.0,5006.0,5076.0,5142.0,5217.0,5270.0,5332.0,5387.0,5431.0,5474.0,5521.0,5561.0,5576.0,5598.0,5611.0,5614.0,5615.0,5618.0,5618.0,5712.0,5835.0,5908.0,5976.0,6105.0,6189.0,6279.0,6382.0,6462.0,6572.0,6698.0,6801.0,6909.0,7007.0,7102.0,7202.0,7324.0,7407.0,7465.0,7555.0,7640.0,"7,746","7,82","7,876","7,95","8,004","8,004","8,004","8,004"
Chevrolet,Spark EV,https://www.carlogos.org/logo/Chevrolet-logo-2013-2560x1440.png,,,,,,,,,,,,,,,,,,27.0,130.0,232.0,310.0,376.0,463.0,539.0,632.0,703.0,811.0,908.0,1090.0,1175.0,1303.0,1383.0,1434.0,1492.0,1553.0,1684.0,1770.0,1889.0,2040.0,2960.0,3243.0,3469.0,3526.0,3661.0,3818.0,3995.0,4161.0,4313.0,4452.0,4668.0,4920.0,5339.0,5733.0,6092.0,6425.0,6717.0,7032.0,7292.0,7331.0,7348.0,7352.0,7356.0,7359.0,7360.0,7360.0,7361.0,7362.0,7362.0,7362.0,7362.0,7369.0,7369.0,7369.0,7369.0,7369.0,7369.0,7369.0,7369.0,7369.0,7369.0,7369.0,7369.0,7369.0,7369.0,7369.0,7369.0,7369.0,7369.0,7369,7369,7369,7369,7369,7369,7369,7369
Honda,Accord PHV,https://www.carlogos.org/logo/Honda-logo-1920x1080.png,,,,,,,,,,,,,2.0,19.0,45.0,100.0,158.0,200.0,254.0,298.0,349.0,420.0,488.0,526.0,553.0,577.0,595.0,632.0,678.0,706.0,747.0,793.0,835.0,869.0,912.0,975.0,1003.0,1015.0,1020.0,1025.0,1030.0,1034.0,1035.0,1037.0,1037.0,1037.0,1038.0,1039.0,1039.0,1039.0,1039.0,1039.0,1039.0,1039.0,1039.0,1039.0,1039.0,1039.0,1039.0,1039.0,1039.0,1039.0,1039.0,1039.0,1039.0,1039.0,1039.0,1039.0,1039.0,1039.0,1039.0,1039.0,1039.0,1039.0,1039.0,1039.0,1039.0,1039.0,1039.0,1039.0,1039.0,1039.0,1039.0,1039.0,1039.0,1039.0,1039.0,1039.0,1039,1039,1039,1039,1039,1039,1039,1039
Porsche,Panamera E-Hybrid,https://www.carlogos.org/logo/Porsche-logo-2008-1920x1080.png,,,,,,,,,,,,,,,,,,,,,,35.0,39.0,86.0,227.0,284.0,340.0,403.0,456.0,567.0,630.0,698.0,780.0,877.0,934.0,965.0,1026.0,1066.0,1110.0,1140.0,1161.0,1195.0,1218.0,1254.0,1295.0,1323.0,1356.0,1372.0,1399.0,1432.0,1455.0,1480.0,1506.0,1528.0,1549.0,1608.0,1636.0,1674.0,1762.0,1765.0,1767.0,1768.0,1771.0,1773.0,1774.0,1774.0,1774.0,1775.0,1776.0,1778.0,1783.0,1783.0,1784.0,1786.0,1835.0,2171.0,2446.0,2614.0,2809.0,3009.0,3219.0,3389.0,3589.0,3819.0,3969.0,4129.0,4324.0,4479.0,"4,649","4,844","5,009","5,174","5,349","5,522‬","5,695‬","5,879"
Cadillac,ELR,https://www.carlogos.org/logo/Cadillac-logo-2014-1920x1080.png,,,,,,,,,,,,,,,,,,,,,,,,6.0,47.0,105.0,186.0,247.0,299.0,396.0,584.0,780.0,891.0,1043.0,1198.0,1316.0,1408.0,1535.0,1627.0,1731.0,1847.0,1909.0,1975.0,2020.0,2056.0,2138.0,2205.0,2340.0,2407.0,2498.0,2602.0,2697.0,2742.0,2836.0,2851.0,2857.0,2863.0,2866.0,2871.0,2874.0,2877.0,2877.0,2879.0,2881.0,2881.0,2888.0,2890.0,2891.0,2891.0,2891.0,2891.0,2891.0,2891.0,2891.0,2891.0,2891.0,2891.0,2891.0,2891.0,2891.0,2891.0,2891.0,2891.0,2891.0,2891.0,2891.0,2891.0,2891.0,2891,2891,2891,2891,2891,2891,2891,2891
BMW,i3,https://www.carlogos.org/logo/BMW-logo-2000-2048x2048.png,,,,,,,,,,,,,,,,,,,,,,,,,,,,,336.0,694.0,1057.0,2082.0,3104.0,4263.0,5079.0,6092.0,6762.0,7851.0,8773.0,9179.0,9997.0,10548.0,11483.0,12275.0,13985.0,14971.0,15694.0,17116.0,17298.0,17546.0,17878.0,18692.0,19388.0,19996.0,21475.0,22488.0,22879.0,23321.0,23950.0,24741.0,25123.0,25441.0,26144.0,26660.0,27166.0,27733.0,28334.0,28838.0,29376.0,30062.0,30345.0,31017.0,31399.0,32022.0,33014.0,33517.0,33941.0,34521.0,34985.0,35403.0,35864.0,36288.0,36778.0,37134.0,37389.0,37739.0,38098.0,38429.0,"38,868","39,341","39,645","40,03","40,497","40,856","41,774","41,988"
Mercedes,B-Class ED,https://www.carlogos.org/logo/Mercedes-Benz-logo-2011-1920x1080.png,,,,,,,,,,,,,,,,,,,,,,,,,,,,,,,41.0,92.0,157.0,255.0,448.0,774.0,1014.0,1123.0,1268.0,1426.0,1704.0,1946.0,2142.0,2314.0,2461.0,2542.0,2583.0,2680.0,2738.0,2775.0,2841.0,2897.0,2946.0,2990.0,3040.0,3097.0,3148.0,3206.0,3258.0,3312.0,3365.0,3421.0,3471.0,3537.0,3583.0,3629.0,3710.0,3768.0,3855.0,3914.0,3945.0,4056.0,4096.0,4145.0,4178.0,4185.0,4188.0,4188.0,4188.0,4189.0,4189.0,4190.0,4190.0,4191.0,4192.0,4194.0,4194.0,4195.0,4195,4197,4198,4199,4199,4200,4200,4200
BMW,i8,https://www.carlogos.org/logo/BMW-logo-2000-2048x2048.png,,,,,,,,,,,,,,,,,,,,,,,,,,,,,,,,9.0,67.0,271.0,397.0,555.0,640.0,753.0,896.0,1034.0,1151.0,1288.0,1505.0,1715.0,1897.0,2046.0,2164.0,2820.0,2852.0,2906.0,2995.0,3125.0,3271.0,3440.0,3606.0,3751.0,3909.0,4108.0,4281.0,4414.0,4464.0,4522.0,4571.0,4594.0,4612.0,4634.0,4689.0,4718.0,4745.0,4778.0,4822.0,4902.0,4934.0,4973.0,5020.0,5077.0,5141.0,5186.0,5258.0,5325.0,5380.0,5444.0,5577.0,5674.0,5697.0,5744.0,5835.0,5922.0,"6,067","6,347","6,448","6,538","6,606","6,67","6,725","6,776"
Kia,Soul EV,https://www.carlogos.org/logo/Kia-logo-2560x1440.png,,,,,,,,,,,,,,,,,,,,,,,,,,,,,,,,,,109.0,249.0,359.0,428.0,476.0,539.0,612.0,720.0,829.0,888.0,981.0,1086.0,1195.0,1278.0,1374.0,1455.0,1515.0,1594.0,1733.0,1853.0,1987.0,2166.0,2319.0,2536.0,2726.0,2905.0,3102.0,3219.0,3371.0,3542.0,3709.0,3838.0,3938.0,4083.0,4383.0,4638.0,4848.0,5055.0,5259.0,5374.0,5537.0,5694.0,5846.0,5979.0,6036.0,6166.0,6199.0,6217.0,6278.0,6339.0,6393.0,6393.0,6394.0,6396.0,6396.0,6397,6397,6398,"6,406‬","6,471","6,476","6,479","6,48"
VW,e-Golf,https://www.carlogos.org/logo/Volkswagen-logo-2015-1920x1080.png,,,,,,,,,,,,,,,,,,,,,,,,,,,,,,,,,,1.0,120.0,357.0,538.0,668.0,863.0,1172.0,1582.0,1875.0,2188.0,2569.0,2912.0,3508.0,3980.0,4589.0,4917.0,5115.0,5201.0,5527.0,5796.0,6044.0,6388.0,6842.0,7371.0,7778.0,8083.0,8526.0,8858.0,9151.0,9493.0,9800.0,10181.0,10413.0,10721.0,11038.0,11225.0,11428.0,11717.0,12060.0,12238.0,12436.0,12600.0,12728.0,12804.0,12836.0,12854.0,12886.0,12900.0,12962.0,13192.0,13414.0,13578.0,13696.0,14277.0,14677.0,"14,941","15,307","15,767","16,456","17,01","17,647","18,013","18,277"
Porsche,Cayenne S-E,https://www.carlogos.org/logo/Porsche-logo-2008-1920x1080.png,,,,,,,,,,,,,,,,,,,,,,,,,,,,,,,,,,,45.0,100.0,166.0,237.0,309.0,397.0,502.0,590.0,667.0,750.0,820.0,945.0,1066.0,1203.0,1349.0,1521.0,1765.0,2002.0,2193.0,2369.0,2517.0,2714.0,2845.0,2983.0,3162.0,3314.0,3491.0,3612.0,3738.0,3923.0,4097.0,4292.0,4452.0,4630.0,4754.0,4827.0,4865.0,4888.0,5001.0,5122.0,5319.0,5584.0,5643.0,5655.0,5670.0,5715.0,5775.0,5800.0,5835.0,5910.0,5975.0,6070.0,6185.0,6255.0,"6,36","6,435","6,53","6,63","6,735","6,835‬","6,94","7,05"
BMW,X5 xDrive40e,https://www.carlogos.org/logo/BMW-logo-2000-2048x2048.png,,,,,,,,,,,,,,,,,,,,,,,,,,,,,,,,,,,,,,,,,,,,,,118.0,285.0,892.0,1073.0,1418.0,1731.0,2386.0,2886.0,3469.0,4118.0,4994.0,5476.0,5882.0,6318.0,6887.0,7149.0,7424.0,7821.0,8112.0,8545.0,9033.0,9496.0,9813.0,10146.0,10475.0,11404.0,12236.0,12497.0,13093.0,13720.0,14283.0,14782.0,15103.0,15534.0,15798.0,16023.0,16247.0,16460.0,16670.0,16741.0,16779.0,16805.0,16814.0,"16,818","16,826","16,83","16,832","16,833","16,835","16,836","16,837"
Tesla,Model X,https://www.carlogos.org/logo/Tesla-logo-2003-2500x2500.png,,,,,,,,,,,,,,,,,,,,,,,,,,,,,,,,,,,,,,,,,,,,,6.0,10.0,15.0,214.0,484.0,754.0,2614.0,3409.0,5009.0,7154.0,7904.0,9737.0,12937.0,13662.0,14562.0,18437.0,19187.0,19987.0,22737.0,23452.0,25182.0,27382.0,29032.0,30607.0,33727.0,34577.0,36452.0,39752.0,40452.0,41427.0,44252.0,45277.0,46727.0,49277.0,50602.0,53352.0,57327.0,58552.0,61752.0,65852.0,66627.0,67527.0,69702.0,70752.0,"72,127","74,852","76,077","77,902","79,577","81,077","83,077","85,077"
Porsche,918 Spyder,https://www.carlogos.org/logo/Porsche-logo-2008-1920x1080.png,,,,,,,,,,,,,,,,,,,,,,,,,,,,,,,,,,,,,34.0,48.0,58.0,86.0,106.0,135.0,175.0,197.0,201.0,201.0,203.0,203.0,203.0,203.0,203.0,203.0,203.0,203.0,203.0,203.0,203.0,203.0,203.0,203.0,203.0,203.0,203.0,203.0,203.0,203.0,203.0,203.0,203.0,203.0,203.0,203.0,203.0,203.0,203.0,203.0,203.0,203.0,203.0,203.0,203.0,203.0,203.0,203.0,203.0,203.0,203.0,203.0,203,203,203,203,203,203,203,203
Hyundai,Sonata PHEV,https://www.carlogos.org/logo/Hyundai-logo-silver-2560x1440.png,,,,,,,,,,,,,,,,,,,,,,,,,,,,,,,,,,,,,,,,,,,,,,,15.0,160.0,335.0,535.0,810.0,1060.0,1295.0,1520.0,1895.0,2130.0,2390.0,2645.0,2930.0,3255.0,3445.0,3620.0,3915.0,4195.0,4415.0,4670.0,4875.0,5060.0,5250.0,5460.0,5595.0,5790.0,5842.0,5896.0,5974.0,6012.0,6079.0,6141.0,6201.0,6221.0,6236.0,6241.0,6246.0,6250.0,6254.0,6325.0,6332.0,6378.0,"6,418","6,448","6,483","6,523","6,568","6,614‬","6,659‬","6,713‬"
Mercedes,S550e,https://www.carlogos.org/logo/Mercedes-Benz-logo-2011-1920x1080.png,,,,,,,,,,,,,,,,,,,,,,,,,,,,,,,,,,,,,,,,,,,10.0,20.0,37.0,62.0,83.0,118.0,137.0,173.0,185.0,214.0,241.0,268.0,300.0,330.0,371.0,545.0,597.0,668.0,723.0,774.0,834.0,915.0,998.0,1079.0,1203.0,1235.0,1270.0,1286.0,1308.0,1334.0,1347.0,1350.0,1361.0,1370.0,1377.0,1384.0,1392.0,1402.0,1410.0,1415.0,1419.0,1430.0,1438.0,1448.0,1470.0,1505.0,"1,556","1,616","1,666","1,69","1,706","1,759‬","1,784‬","1,801"
Volvo,XC90,https://www.carlogos.org/logo/Volvo-logo-2014-1920x1080.png,,,,,,,,,,,,,,,,,,,,,,,,,,,,,,,,,,,,,,,,,,,,4.0,4.0,5.0,12.0,86.0,312.0,488.0,666.0,816.0,926.0,1092.0,1270.0,1446.0,1594.0,1736.0,1897.0,2101.0,2197.0,2280.0,2383.0,2528.0,2674.0,2876.0,3050.0,3315.0,3551.0,3725.0,3929.0,4297.0,4396.0,4502.0,4595.0,4685.0,4811.0,4944.0,5059.0,5184.0,5304.0,5404.0,5534.0,5684.0,5779.0,5884.0,6039.0,6139.0,"6,259","6,429","6,539","6,664","6,839","6,839","6,839","6,839"
Audi,A3 Sprtbk e-tron,https://www.carlogos.org/logo/Audi-logo-2009-1920x1080.png,,,,,,,,,,,,,,,,,,,,,,,,,,,,,,,,,,,,,,,,,,,,,,,,49.0,376.0,619.0,951.0,1277.0,1638.0,1991.0,2340.0,2686.0,2998.0,3346.0,3740.0,4329.0,4716.0,5116.0,5530.0,5831.0,6125.0,6449.0,6667.0,6796.0,6881.0,6898.0,6936.0,7206.0,7351.0,7550.0,7764.0,7953.0,8220.0,8458.0,8678.0,8918.0,9148.0,9358.0,9538.0,9803.0,9978.0,10188.0,10233.0,10240.0,10240,10240,10240,10240,10240,10240,10240,10240
Other,Other,,,,,,,,,,,,,,,,,,,,,,,,,,,,,,,,,,,,,,17.0,19.0,24.0,28.0,32.0,32.0,32.0,32.0,32.0,34.0,34.0,34.0,34.0,34.0,35.0,35.0,35.0,35.0,35.0,35.0,35.0,35.0,35.0,35.0,35.0,35.0,35.0,35.0,35.0,35.0,35.0,35.0,35.0,35.0,35.0,35.0,35.0,35.0,35.0,35.0,35.0,35.0,35.0,35.0,35.0,35.0,35.0,35.0,35.0,35.0,35.0,35.0,35,35,35,35,35,35,35,35
Toyota,Prius Prime,https://www.carlogos.org/logo/Toyota-logo-1989-2560x1440.png,,,,,,,,,,,,,,,,,,,,,,,,,,,,,,,,,,,,,,,,,,,,,,,,,,,,,,,,,,,781.0,2422.0,3788.0,5150.0,6768.0,8587.0,10495.0,12114.0,13759.0,15579.0,17478.0,19104.0,20938.0,23358.0,24854.0,26904.0,29826.0,32452.0,35376.0,37613.0,39597.0,41668.0,43881.0,45882.0,48194.0,50953.0,52076.0,53281.0,55101.0,56500.0,"58,414","59,558","62,508","65,008","66,658","68,976‬","71,766‬","74,583‬"
BMW,330e,https://www.carlogos.org/logo/BMW-logo-2000-2048x2048.png,,,,,,,,,,,,,,,,,,,,,,,,,,,,,,,,,,,,,,,,,,,,,,,,,,,19.0,44.0,111.0,137.0,218.0,269.0,323.0,415.0,630.0,870.0,999.0,1143.0,1508.0,1768.0,2243.0,2739.0,3126.0,3535.0,3864.0,4171.0,4648.0,5011.0,5112.0,5254.0,5456.0,5622.0,5772.0,5910.0,6016.0,6208.0,6403.0,6632.0,7005.0,7611.0,7827.0,8012.0,8187.0,8240.0,"8,267","8,292","8,308","8,313","8,315","8,32",8326,8330
Chevrolet,Bolt EV,https://www.carlogos.org/logo/Chevrolet-logo-2013-2560x1440.png,,,,,,,,,,,,,,,,,,,,,,,,,,,,,,,,,,,,,,,,,,,,,,,,,,,,,,,,,,,,579.0,1741.0,2693.0,3671.0,4963.0,6529.0,8171.0,10142.0,12249.0,14881.0,17662.0,20649.0,23876.0,25053.0,26477.0,28251.0,29526.0,30651.0,31734.0,32909.0,34134.0,35683.0,37658.0,40483.0,41895.0,42820.0,44045.0,46211.0,47121.0,"48,517","50,176","51,161","52,881","55,006","56,313","57,313","58,313"
Mercedes,GLE 550e,https://www.carlogos.org/logo/Mercedes-Benz-logo-2011-1920x1080.png,,,,,,,,,,,,,,,,,,,,,,,,,,,,,,,,,,,,,,,,,,,,,,,,,,,,,,19.0,49.0,73.0,99.0,118.0,148.0,231.0,283.0,342.0,389.0,425.0,458.0,499.0,526.0,549.0,563.0,571.0,612.0,694.0,738.0,808.0,989.0,1082.0,1165.0,1240.0,1325.0,1415.0,1457.0,1485.0,1520.0,1660.0,1752.0,1847.0,1957.0,2107.0,"2,292","2,472","2,642","2,747","2,812","2,991‬","3,101","3,169‬"
Mercedes,C350e,https://www.carlogos.org/logo/Mercedes-Benz-logo-2011-1920x1080.png,,,,,,,,,,,,,,,,,,,,,,,,,,,,,,,,,,,,,,,,,,,,,,,,,,,,,,,,,,,,171.0,381.0,432.0,449.0,452.0,459.0,459.0,571.0,783.0,909.0,958.0,974.0,988.0,1017.0,1189.0,1397.0,1555.0,1721.0,1897.0,2062.0,2232.0,2314.0,2389.0,2469.0,2709.0,2849.0,2994.0,3129.0,3302.0,"3,517","3,752","3,982","4,172","4,302","4,544‬","4,744‬","4,881"
BMW,740e,https://www.carlogos.org/logo/BMW-logo-2000-2048x2048.png,,,,,,,,,,,,,,,,,,,,,,,,,,,,,,,,,,,,,,,,,,,,,,,,,,,,,,,,,,,,23.0,41.0,76.0,118.0,241.0,274.0,326.0,406.0,445.0,488.0,543.0,663.0,730.0,748.0,771.0,802.0,862.0,879.0,895.0,935.0,953.0,978.0,1023.0,1041.0,1069.0,1075.0,1089.0,1104.0,1112.0,"1,124","1,13","1,132","1,14","1,145","1,149","1,153","1,156"
Chrysler,Pacifica Hybrid,https://www.carlogos.org/logo/Chrysler-logo-2010-1920x1080.png,,,,,,,,,,,,,,,,,,,,,,,,,,,,,,,,,,,,,,,,,,,,,,,,,,,,,,,,,,,,,12.0,12.0,12.0,347.0,1052.0,1407.0,1532.0,1957.0,2432.0,3307.0,3877.0,4597.0,4972.0,5422.0,5902.0,6327.0,6977.0,7687.0,8137.0,8791.0,9428.0,10051.0,10946.0,11659.0,12095.0,12684.0,13067.0,13414.0,"13,804","14,195","14,58","14,975","15,39","15,99","16,59","17,382"
BMW,530e,https://www.carlogos.org/logo/BMW-logo-2000-2048x2048.png,,,,,,,,,,,,,,,,,,,,,,,,,,,,,,,,,,,,,,,,,,,,,,,,,,,,,,,,,,,,,,,,13.0,160.0,399.0,742.0,1087.0,1598.0,2194.0,3066.0,3772.0,3996.0,4409.0,5098.0,5616.0,6345.0,7287.0,7823.0,8572.0,9328.0,10061.0,11073.0,12436.0,12812.0,13226.0,13662.0,14078.0,"14,805","15,713","16,157","16,763","17,073","17,378","17,799‬","18,298‬"
Tesla,Model 3,https://www.carlogos.org/logo/Tesla-logo-2003-2500x2500.png,,,,,,,,,,,,,,,,,,,,,,,,,,,,,,,,,,,,,,,,,,,,,,,,,,,,,,,,,,,,,,,,,,,30.0,105.0,222.0,367.0,704.0,1764.0,3639.0,6124.0,9944.0,13694.0,19694.0,25596.0,39846.0,57646.0,79896.0,97646.0,116296.0,141546.0,148046.0,153796.0,163971.0,174021.0,"187,971","209,196","221,746","234,096","253,196","270,471","285,471","300,471"
Kia,Optima PHEV,https://www.carlogos.org/logo/Kia-logo-2560x1440.png,,,,,,,,,,,,,,,,,,,,,,,,,,,,,,,,,,,,,,,,,,,,,,,,,,,,,,,,,,,,,10.0,71.0,141.0,227.0,312.0,390.0,520.0,702.0,930.0,1165.0,1378.0,1512.0,1598.0,1701.0,1857.0,1999.0,2097.0,2180.0,2270.0,2309.0,2326.0,2377.0,2456.0,2477.0,2507.0,2518.0,2526.0,2531.0,2531,"2,582","2,617","2,652","2,702","2,738‬","2,770‬","2,812‬"
Honda,Clarity BEV,https://www.carlogos.org/logo/Honda-logo-1920x1080.png,,,,,,,,,,,,,,,,,,,,,,,,,,,,,,,,,,,,,,,,,,,,,,,,,,,,,,,,,,,,,,,,,,,34.0,49.0,101.0,135.0,594.0,1121.0,1274.0,1348.0,1396.0,1435.0,1469.0,1555.0,1657.0,1732.0,1840.0,1946.0,1983.0,2069.0,2147.0,2215.0,2307.0,2395.0,"2,477","2,529","2,576","2,641","2,676","2,711","2,766","2,811"
Honda,Clarity PHEV,https://www.carlogos.org/logo/Honda-logo-1920x1080.png,,,,,,,,,,,,,,,,,,,,,,,,,,,,,,,,,,,,,,,,,,,,,,,,,,,,,,,,,,,,,,,,,,,,,,,5.0,903.0,1507.0,2418.0,3549.0,4678.0,6317.0,7812.0,9354.0,10816.0,12813.0,14838.0,16735.0,19505.0,20697.0,21910.0,23221.0,24202.0,"25,018","26,048","26,848","27,688","28,088","28,683","29,478","30,233"
Volvo,XC60 PHEV,https://www.carlogos.org/logo/Volvo-logo-2014-1920x1080.png,,,,,,,,,,,,,,,,,,,,,,,,,,,,,,,,,,,,,,,,,,,,,,,,,,,,,,,,,,,,,,,,,,,13.0,78.0,175.0,275.0,357.0,531.0,640.0,795.0,962.0,1103.0,1317.0,1543.0,1728.0,1938.0,2153.0,2333.0,2558.0,2798.0,2888.0,2988.0,3113.0,3198.0,"3,293","3,468","3,608","3,713","3,893","3,893","3,893","3,893"
Mini,Countryman SE PHEV,https://www.carlogos.org/logo/Mini-logo-2001-1920x1080.png,,,,,,,,,,,,,,,,,,,,,,,,,,,,,,,,,,,,,,,,,,,,,,,,,,,,,,,,,,,,,,,,,,10.0,85.0,171.0,251.0,307.0,403.0,475.0,602.0,702.0,776.0,882.0,1045.0,1256.0,1466.0,1594.0,1734.0,1851.0,1925.0,2039.0,2089.0,2152.0,2197.0,2234.0,"2,319","2,363","2,403","2,453","2,483","2,508‬","2,543‬","2,563‬"
Hyundai,IONIQ EV,https://www.carlogos.org/logo/Hyundai-logo-silver-2560x1440.png,,,,,,,,,,,,,,,,,,,,,,,,,,,,,,,,,,,,,,,,,,,,,,,,,,,,,,,,,,,,,,,5.0,24.0,99.0,157.0,200.0,266.0,302.0,330.0,353.0,432.0,481.0,484.0,544.0,551.0,583.0,630.0,665.0,686.0,698.0,719.0,753.0,777.0,811.0,843.0,871.0,880.0,941,"1,003","1,058","1,098","1,168","9,629","9,723","9,796‬"
Cadillac,CT6 PHEV,https://www.carlogos.org/logo/Cadillac-logo-2014-1920x1080.png,,,,,,,,,,,,,,,,,,,,,,,,,,,,,,,,,,,,,,,,,,,,,,,,,,,,,,,,,,,,,,,,8.0,24.0,44.0,66.0,89.0,116.0,143.0,172.0,207.0,213.0,237.0,254.0,296.0,326.0,344.0,370.0,393.0,404.0,416.0,429.0,438.0,446.0,447.0,450.0,452.0,452,454,456,458,461,461,461,461
Volvo,S90 T8 PHEV,https://www.carlogos.org/logo/Volvo-logo-2014-1920x1080.png,,,,,,,,,,,,,,,,,,,,,,,,,,,,,,,,,,,,,,,,,,,,,,,,,,,,,,,,,,,,,,,,,,,,,5.0,33.0,65.0,117.0,144.0,173.0,225.0,254.0,284.0,319.0,349.0,389.0,434.0,469.0,509.0,554.0,589.0,634.0,689.0,724.0,774,814,859,914,974,988,1001,1010
Mitsubishi,Outlander PHEV,https://www.carlogos.org/logo/Mitsubishi-logo-2000x2500.png,,,,,,,,,,,,,,,,,,,,,,,,,,,,,,,,,,,,,,,,,,,,,,,,,,,,,,,,,,,,,,,,,,,,,,,,99.0,399.0,722.0,1095.0,1368.0,1665.0,2055.0,2405.0,2771.0,3149.0,3458.0,3834.0,4265.0,4398.0,4555.0,4896.0,5059.0,"5,291","5,513","5,726","6,003","6,179","6,434","6,806","7,075"
Kia,Niro PHEV,https://www.carlogos.org/logo/Kia-logo-2560x1440.png,,,,,,,,,,,,,,,,,,,,,,,,,,,,,,,,,,,,,,,,,,,,,,,,,,,,,,,,,,,,,,,,,,,,,,,,,155.0,401.0,628.0,748.0,966.0,1247.0,1472.0,1818.0,2131.0,2454.0,3073.0,3389.0,3668.0,4173.0,4403.0,4648.0,"4,977","5,328","5,653","5,953","6,328","6,636‬","6,961‬","7,270‬"
Mercedes,GLC 350e,https://www.carlogos.org/logo/Mercedes-Benz-logo-2011-1920x1080.png,,,,,,,,,,,,,,,,,,,,,,,,,,,,,,,,,,,,,,,,,,,,,,,,,,,,,,,,,,,,,,,,,,,,,,,,,,5.0,62.0,121.0,185.0,251.0,311.0,376.0,403.0,423.0,447.0,567.0,641.0,713.0,888.0,1108.0,"1,372","1,642","1,907","2,137","2,317","2,595","2,837","3,026"
Jaguar,I-Pace,https://www.carlogos.org/logo/Jaguar-logo-2012-1920x1080.png,,,,,,,,,,,,,,,,,,,,,,,,,,,,,,,,,,,,,,,,,,,,,,,,,,,,,,,,,,,,,,,,,,,,,,,,,,,,,,,,,,5.0,170.0,393.0,603.0,789.0,1001.0,1238.0,"1,466","1,702","1,915","2,075","2,235","2,541","2,811","2,987"
Hyundai,IONIQ PHEV,https://www.carlogos.org/logo/Hyundai-logo-silver-2560x1440.png,,,,,,,,,,,,,,,,,,,,,,,,,,,,,,,,,,,,,,,,,,,,,,,,,,,,,,,,,,,,,,,,,,,,,,,,,22.0,200.0,418.0,598.0,815.0,958.0,1138.0,1181.0,1192.0,1320.0,1456.0,1590.0,1663.0,1717.0,1811.0,1874.0,"1,937","2,089","2,194","2,319","2,454","2,827‬","3,043‬","3,211"
Hyundai,Kona Electric,https://www.carlogos.org/logo/Hyundai-logo-silver-2560x1440.png,,,,,,,,,,,,,,,,,,,,,,,,,,,,,,,,,,,,,,,,,,,,,,,,,,,,,,,,,,,,,,,,,,,,,,,,,,,,,,,,,,,,,,16.0,143.0,220.0,311,427,577,707,897,"1,068","1,254‬","1,461"
Audi,e-tron,https://www.carlogos.org/logo/Audi-logo-2009-1920x1080.png,,,,,,,,,,,,,,,,,,,,,,,,,,,,,,,,,,,,,,,,,,,,,,,,,,,,,,,,,,,,,,,,,,,,,,,,,,,,,,,,,,,,,,,,253.0,"1,109","1,835","2,513","3,106","3,54","4,002","4,623","5,369"
Subaru,Crosstrek Hybrid,https://www.carlogos.org/logo/Subaru-logo-2003-2560x1440.png,,,,,,,,,,,,,,,,,,,,,,,,,,,,,,,,,,,,,,,,,,,,,,,,,,,,,,,,,,,,,,,,,,,,,,,,,,,,,,,,,,,,,,27.0,79.0,126.0,191,261‬,376,466,586,721‬,842,970‬
Kia,Niro EV,https://www.carlogos.org/logo/Kia-logo-2560x1440.png,,,,,,,,,,,,,,,,,,,,,,,,,,,,,,,,,,,,,,,,,,,,,,,,,,,,,,,,,,,,,,,,,,,,,,,,,,,,,,,,,,,,,,,,40.0,159,208,288,343,433,622‬,880‬,"1,166"
Porsche,Taycan,https://www.carlogos.org/logo/Porsche-logo-2008-1920x1080.png,,,,,,,,,,,,,,,,,,,,,,,,,,,,,,,,,,,,,,,,,,,,,,,,,,,,,,,,,,,,,,,,,,,,,,,,,,,,,,,,,,,,,,,,,,,,,,,,130
